Subject,Trial_type,Logit_Coeff,Logit_Intercept,Area_under_curve,%Correct,Hit_rate,Rejection_rate
SROF012,GO,0.018225982587347662,0.3482945633537684,76.93335200789468,76.63716814159292,23.36283185840708,nan
SROF012,NOGO,0.01424478435650479,-0.18991031468036076,62.608148188522904,62.30088495575221,nan,37.69911504424779
SROF017,GO,0.022788479626986036,0.8990391442848,87.05629687939215,86.81972789115646,13.180272108843539,nan
SROF017,NOGO,0.010478868213057695,-0.6917361930685167,46.16211365369202,45.91836734693877,nan,54.08163265306123
SROF020,GO,0.003249607931554437,1.3628705559609018,82.13871671262297,82.0945945945946,17.905405405405407,nan
SROF020,NOGO,0.02659589713869666,-2.6190841197930568,24.631468484521665,24.21171171171171,nan,75.78828828828829
SROF018,GO,0.011684976642784638,-0.057157898443289404,62.81485322710169,62.57545271629779,37.42454728370221,nan
SROF018,NOGO,0.012267760093533331,-0.13762072513411913,61.62245524857841,61.3682092555332,nan,38.6317907444668
