Subject,Trial_type,Logit_Coeff,Logit_Intercept,Area_under_curve,%Correct,Hit_rate,Rejection_rate
SROF012,GO,0.001604038706785958,0.5944877676042166,66.283298341363,66.24895572263993,33.751044277360066,nan
SROF012,NOGO,0.01912744403462771,-0.19395186511687848,67.4627931454323,67.0843776106934,nan,32.9156223893066
SROF017,GO,0.01541227729527405,0.5560322209649476,78.3578094604071,78.10623556581986,21.893764434180138,nan
SROF017,NOGO,0.006871106747304288,-0.4834444791074635,46.711584157064564,46.54349499615088,nan,53.45650500384912
SROF020,GO,0.0007031574144348837,0.4420437816759597,61.724159164453106,61.70886075949367,38.291139240506325,nan
SROF020,NOGO,0.009515520991509556,0.5001268717871183,72.48264603544382,72.31012658227849,nan,27.689873417721518
SROF018,GO,0.007249795723279432,0.3340068996490128,66.73962742875905,66.5893271461717,33.4106728538283,nan
SROF018,NOGO,0.01079143139742081,0.12841657709047438,66.00087978986659,65.77726218097447,nan,34.222737819025525
